user_id,name,address,email,phone_number,date_of_birth,signup_date
bad0f399-b936-417c-a238-56079f19b88d,Ashley Mcintosh,"623 Lisa Fields Suite 884
East Jasonmouth, NV 70114",elizabeth01@example.net,(889)984-8561x885,1997-08-29,2022-05-04
716fba64-a05b-4ebd-97f9-636cdbb44be0,Kathryn Scott,"721 Lindsey Curve Suite 968
South Michael, GU 84076",johndixon@example.org,001-585-930-5563x05110,1958-11-11,2022-03-18
1deebb01-ff6f-44b7-9857-3681a2097bf0,Julia Hernandez,"178 Weaver Valley
Coreychester, IL 31363",leeholly@example.net,211.901.6318x3264,1960-02-07,2021-11-05
c347dc4a-7527-4215-88f2-7160589b2c12,Andrea Flynn,"1398 Aaron Villages
Williamside, IN 22059",jacksondonald@example.com,+1-701-611-3084x1910,1985-07-26,2024-01-22
65d5f9f1-698d-400f-a5b9-d5c93d93ffba,Anthony Edwards,"8795 Wallace Island Apt. 796
Taylortown, OH 30942",kaitlynbailey@example.org,001-624-423-4670x4718,1993-11-26,2021-12-02
29aca853-d0cf-4d37-ae36-ac5243757e40,Joseph Brown,"208 Bell Forest Apt. 841
Connietown, CO 40194",jeremy21@example.org,7035152164,1977-05-31,2021-01-05
b467d02f-afe7-47bf-b02a-6dab2368f870,Colleen Hunter,"2357 Nguyen Walks
Chelseaview, ME 02972",nicole13@example.org,001-278-697-7469,1979-07-26,2022-06-30
0c9dc1b4-9df9-4a71-bd1d-26b79a725759,Anna Curry,"8381 Chang Fields Suite 715
West Jasmine, NM 12152",quinnryan@example.org,(981)402-5850x3147,1993-08-13,2021-11-20
6af2d2ac-6721-4bb7-af1b-e56f2457c20b,Brittany Wright,"391 Aguilar Groves Suite 627
New Jesse, NM 10293",ingramtroy@example.org,944.200.4606x664,1974-08-18,2021-07-02
13cd331c-8879-46c8-bf80-1362de4917fd,Michael Lester,"Unit 7334 Box 8538
DPO AP 56661",spencerfox@example.net,+1-219-944-1350x2725,1953-11-04,2020-05-21
3c02defa-ff56-409a-98b5-044bb31e3fda,Bill Pittman,"36947 Jill Wells Suite 358
Port Amberfurt, ND 29148",heather57@example.com,930.686.7336,1983-08-06,2024-06-21
2d9bfefb-4341-4fc0-b1b1-3cf8b0264734,Courtney Diaz,"1991 Torres Hills Suite 519
Marybury, DE 10724",thomasfernandez@example.com,+1-930-771-3954,1977-09-11,2020-10-21
6a485316-fe1c-441d-bef6-5c2d96e24b75,Robert Palmer,"204 Alvarado Road Suite 984
Samanthamouth, WY 83639",wthomas@example.net,(780)895-7674,1955-03-17,2024-01-17
70086e7b-5912-49ab-8999-79b1a1dce07f,Richard Pearson,"PSC 6180, Box 0749
APO AP 67047",micheleclark@example.com,(223)836-9361x8421,1989-03-05,2021-05-20
0ee31397-15e0-4e68-ae01-70fee72b3add,Allen Wilson,"407 Vega Drive Apt. 259
Ashleeton, ND 57378",hamiltonalexis@example.org,462.329.3688x97575,1991-04-04,2021-05-23
6d13575d-1a1c-474b-b882-41c1880f9c5b,Sandra Turner,"3233 Robert Crossing Suite 571
North Lisa, NM 60448",nguyendavid@example.org,001-910-205-4500x1113,1983-01-21,2020-06-10
43fecbbd-1529-4563-afb2-7e34c987e25c,Lauren Cummings,"429 Campos Prairie Suite 902
Fosterberg, WA 78939",qsanchez@example.com,368-705-9663x9890,1986-01-14,2022-07-16
5e7d5931-8e3d-4cc8-95cb-822da5bdf9dc,Eric Thompson,"59117 Chris Vista Suite 092
Claytonville, OH 95649",mannjay@example.org,269-673-3734,1993-06-20,2021-08-02
2cd3de26-ce91-4299-8ecd-544c27bfb6c7,Autumn Kirby,"48742 Walters View Suite 162
East Michaelview, CT 50725",rebeccafrazier@example.org,949-885-9331x176,1976-10-02,2024-02-09
34e05096-ef5d-416a-8f51-8e38a0b61d20,Jeffrey Fowler,"6449 Kline Curve Apt. 930
Jenniferhaven, ID 76138",chadsmith@example.com,2469318883,1995-06-07,2022-11-14
5aa779bd-df6d-4a29-92d0-b55c0732dde9,Angela Brooks MD,"89207 Foster Walks Apt. 685
South Nicoletown, MH 58274",rtaylor@example.com,881.330.6267x416,1967-12-01,2022-12-22
0ed6d66c-c4ee-4d98-bb62-141d36152b60,Kayla Mendez,"33512 Blevins Square Apt. 554
Stacymouth, KY 47776",hernandezashley@example.org,(893)751-7100x9529,1992-08-03,2022-08-27
1c070d75-0e49-4d7a-89c8-80b05ebb6bfa,Kimberly Gallagher,"121 Amy Grove
East Jeffreytown, WA 17755",scott74@example.org,+1-851-312-0773x42887,1973-03-01,2021-12-05
e0b35545-3e13-49fb-bdd3-cbdba7b72332,John Bass,"158 Brittney Square Apt. 116
Coleside, WI 08985",mortonmichael@example.net,(543)270-5819,1961-01-12,2020-09-07
2603d426-0653-4ec7-9011-28fb32416c2e,Haley Perez,"49585 Wilson Plaza
New Brooke, IN 78603",cherylbrown@example.net,001-419-421-2532x82561,1960-05-13,2022-05-21
16774b2a-1b32-444f-8150-d043d7bd011d,Jennifer Gamble,"3979 Lawrence Way Apt. 649
Wilsonshire, WA 02924",rdavis@example.com,220.522.5570x390,1982-02-02,2023-07-23
71ebc12d-9765-4fef-bfab-a7a6210691c9,Omar Gross,"4128 Justin Pass Apt. 650
Holmesfurt, RI 62245",dbrown@example.net,641.434.8881x01908,1976-07-13,2024-07-18
74e4c524-b833-45fd-85fa-e4e63359fb0d,Ricky Mendoza,"6106 John Neck
New Oliviaton, ND 81373",wolfjacob@example.com,981-791-2880x8485,1995-07-21,2020-08-25
a3b4fe9f-209c-4635-829e-310f0e81f9ef,David Hurley,"23897 Gomez Street Suite 941
North Amanda, NJ 87662",davisamanda@example.net,(562)600-3500x793,1982-07-07,2022-12-14
7cd342b4-cc69-4491-a2ab-856e18db73c0,Nicole Wood,"3711 Evans Courts Suite 293
South Nicolasberg, MT 56976",tara90@example.com,833-837-8572,1954-02-22,2021-04-15
700e55ae-f48b-4041-b0d4-baccbf301426,Mrs. Nicole Roberts,"28982 Mills Overpass
Hernandezmouth, PW 90239",garciarobert@example.net,+1-487-733-3784x23129,1979-09-03,2022-01-15
80605e36-c709-4a39-b984-4b63297a4b48,Michael Romero,"53641 Tony Row Apt. 921
Stewartview, WI 06472",adriana16@example.org,5033784896,1977-08-24,2022-09-29
4cf7c53e-facb-4fae-950b-5a3c5b78d376,Elizabeth Ross,"7551 Jones Cove
Emilyberg, OH 92070",gloria41@example.org,491-743-1802x63533,2003-02-23,2023-03-18
42ac2a12-1a0e-4c7f-a7a2-a3e95aeef652,Jason Mcdonald,"20554 Andrea Vista Apt. 275
West Joseph, NV 31685",ywilliams@example.com,620.571.2653x139,1987-04-11,2020-08-22
73cbb7c1-7806-43b7-ba91-48589006343e,Crystal Jordan,"79581 Hernandez Extension Suite 381
Calebmouth, WY 66575",chad71@example.org,001-684-741-6115x9680,2003-03-24,2022-08-25
4664ee6e-279e-4aa4-b1a7-01026ee2c777,Emily Hughes,"15791 Marquez Forges Suite 478
North Ronald, FL 16129",huntmichael@example.com,9485629697,1999-11-02,2021-12-24
23bad3f8-87f1-46ee-80ed-0a854a280f65,Paula Ward,"6841 Kyle Valleys Apt. 963
North Victoria, SC 86364",sonyalee@example.org,001-827-257-3015x049,1972-03-07,2023-04-05
447c07b5-86f2-4c27-8c33-f367b0c2ae5c,James Parker,"0638 Richardson Dale Suite 757
Walkerview, PR 73497",ana25@example.net,(304)375-6331x57700,1983-05-23,2022-03-01
608437e1-530d-4961-8094-585ddcf1a385,Mrs. Jennifer Gonzalez,"367 Grant Oval Apt. 006
Thompsonport, KS 92987",jnguyen@example.com,906-633-3143x9079,1964-05-24,2020-09-13
790b1f7b-09dd-4b90-b62d-5e6340a3e449,Melissa Johnson,"667 Crawford Valley
Port Lisaberg, IN 88959",mmyers@example.org,001-470-513-2407x392,1968-12-20,2022-07-27
bf5b5f72-f2b9-40bd-9925-084c1603882f,Joy Wright,"73536 Shannon Plains Apt. 113
East Erintown, VI 27292",darren93@example.com,986-872-5861x738,1982-02-24,2022-08-02
b57a7f90-cc1f-4dda-969c-274ac7109ea9,Kathy Gonzalez,"576 Tucker Trail
Alvarezchester, ME 49763",zachary25@example.com,+1-275-733-2857x62909,1966-10-13,2023-01-26
788b61bf-88ed-4259-9922-367a37daf478,Jonathan Nguyen,"3802 Robin Key
Whiteville, NY 26647",danielswilliam@example.net,986.888.9273x85850,1991-05-06,2020-10-25
fa6373ce-9ada-4a3c-8e71-0296a24d007d,Andrew West,"19235 Susan Locks
Lake Cassandrabury, MO 89996",iolson@example.org,+1-592-604-1387,1971-01-28,2020-10-19
b18daa7b-5101-408c-a18f-e679730614d1,Amy Sloan,"416 Moore Vista
East Albert, MI 39871",davistammy@example.org,824-376-0222x97436,1974-09-06,2022-05-17
5dfdb921-edf1-4b44-be4f-c63d7ae7d22e,William Hall,"41837 Stevens Cliffs Suite 805
Stevenfort, IA 76134",kevin15@example.com,+1-388-832-4844,1970-05-09,2022-06-06
cba31bf3-74d4-42c4-b583-89908a03ebb0,Christopher Stevenson,"29701 Brown Ridges Suite 488
South Angelaview, WY 58887",youngscott@example.com,+1-399-368-7357x32424,1976-09-15,2024-03-18
29d104c6-2f60-4912-9dee-130c3e47d7ac,Jessica Dean,"973 Ronald Valleys
North Josephstad, MO 91939",taylorkaren@example.com,410.745.8616x9707,1979-02-11,2022-04-14
f2f48219-0041-4853-a44b-212952889d25,Andrew Miller,"Unit 4662 Box 3285
DPO AA 71406",mark90@example.net,+1-451-248-5243x7383,1997-08-01,2020-11-24
7224000e-426d-4dba-a13d-1711a97c5f93,Sarah Williams,"4099 Williams Hollow Suite 000
New Michaelborough, OR 48787",jessicachristian@example.org,850-696-9231x31321,1994-09-12,2022-11-26
88617421-722f-48b1-b3ea-d5b96ea1d979,Caleb Evans,"69211 Vaughn Springs
Lake Robin, TX 14700",sscott@example.com,001-895-439-4489,1969-07-20,2020-06-11
2c50a478-6a2a-4282-9ffc-a4720ecaeeef,Lisa Walker,"003 Riley Circles Suite 486
Leslieville, TN 05800",vestes@example.org,2555983903,2004-09-06,2024-05-15
76178cf8-c213-4103-98db-4ef42f9ff043,Walter Henderson,"82291 Dorothy Inlet Apt. 724
West Jose, NM 39260",mcbridefrank@example.org,(846)589-9780x9082,1982-06-01,2020-06-29
34fba9a7-ae4b-478b-9cdd-5c259cc41442,John Lee,"1517 Kevin Meadow Apt. 809
Julietown, MH 24027",gilbertarnold@example.net,001-423-531-8408,1958-02-14,2023-10-31
2870fe52-f1b2-4273-9c19-75237cc806c4,Lori Carr,"691 Bryan Inlet Suite 866
Woodville, PR 49686",ericsimpson@example.com,4639147884,1974-01-02,2021-03-30
95f1f6c2-6b6d-479c-b878-a84bb1abaa45,Valerie Fernandez,"2202 Joe Walk Suite 881
South Dannymouth, MI 33804",martinapril@example.com,271.474.7176x69526,1997-10-29,2024-02-20
1281cce2-93d2-43c2-bd8f-3347cab0207e,Justin Frank,"944 White Canyon
South Kathrynton, ND 93051",tylerwhite@example.com,+1-709-348-5236x830,1954-03-17,2022-02-28
3b21efd0-1206-484e-94ca-18eac99c2508,Curtis George,"96386 Mcknight Pine
Snyderport, IN 72878",whiteallison@example.com,001-657-787-0194x704,1965-05-18,2020-08-01
b0eec7cc-1ef9-4caa-9df1-1d68339d4816,Jacqueline Chapman,"5934 Jacob Parkways
Michaelmouth, MT 44830",staffordkiara@example.net,+1-668-880-6598x507,2005-12-08,2024-05-02
d34f3c00-4323-4157-b227-a312ff85d58d,Amber Garcia,"54200 Williams Harbors
South Stephanie, VT 43037",achapman@example.org,001-449-741-4291x4320,1962-09-18,2023-01-07
ce652fdd-b6dc-4e80-8f74-a600f9b2eab9,Erica Olson,"7655 Lisa Court
South Stacy, IN 71056",jenna46@example.org,217.916.2876x7961,1985-04-27,2021-11-02
35ba7c7b-7e46-4112-a9be-e2071e46e725,Craig Matthews,"144 Woods Burgs
Lake Julie, MO 44019",catherine93@example.com,(416)919-7144x535,1990-05-26,2021-07-15
98242b40-3ea8-4084-8365-2e3381e0122f,Bruce Williams,"84030 Pham Forest Apt. 695
New Catherinechester, MP 17871",castanedastephen@example.org,310-580-6063,1978-08-01,2023-05-09
51cf8ee5-1e41-4f6a-9f2e-3cd877968e86,Brett Diaz,"0083 Crystal Centers Apt. 507
South Bobby, NC 78237",kfleming@example.com,894-538-9202,1989-09-30,2023-10-02
d3e058e3-bda8-4185-98ee-870fb60f518e,Sherry Smith,"461 James Avenue Suite 874
Warebury, NY 15293",omarsmith@example.com,255.980.4868x921,2001-09-23,2024-01-04
0cadc994-05b3-4626-8587-30cf04b0813d,Kristina Pugh,"70995 Dixon Forges Suite 678
Brownmouth, MA 32444",elizabeth39@example.com,001-656-557-8092x6203,1968-11-23,2021-02-06
ae5e3f9d-8e6f-43ef-ad3a-7bbc52c14a44,Donna Bush,"67228 Emily Harbors Apt. 228
Timothyberg, SC 91952",bakerraymond@example.net,358.234.3301,1961-07-27,2024-07-16
0395aa02-00bc-4cab-9f3f-a3c1dc82315e,Rachel Mckee,"4579 Morgan Tunnel
South Anthony, MO 40108",josephfowler@example.org,488-272-4557,1991-09-04,2020-12-20
922a8857-1a76-4509-b171-7b0cefe21515,Wendy Krueger,"902 Mary Overpass Suite 806
Port Davidberg, PR 96836",andersonnathan@example.org,+1-936-727-1080x6039,1989-05-03,2020-06-27
d27f1c41-ee8f-4807-a000-3b6a0974a932,Jennifer Washington,"PSC 6769, Box 5878
APO AE 73781",michael51@example.com,903-525-0439,1998-03-30,2024-04-25
d9e7340c-a226-4953-b11c-581ed486b598,Sara Carroll,"86160 Susan Village
Cowanshire, SD 11735",william20@example.org,+1-301-227-2339x7178,1970-09-24,2020-06-02
0695d7a1-082c-47f7-a331-fecf99d7aaa9,Kimberly Valenzuela,"944 Mitchell Divide
Port Bryanberg, CA 55545",sara63@example.org,+1-499-910-7212x18065,1962-12-22,2021-08-06
96b3267c-1fcf-4b10-95f1-868e2464398c,Maria Hendricks,"3728 Sanders Plaza Suite 792
East Vanessaland, AR 71964",wsmith@example.net,001-774-631-2947x39940,1959-10-26,2021-05-18
f290ca9e-d7a5-44f3-8ccf-9685b68a5ea5,Erica Willis,"73763 Byrd Centers
East Samantha, IL 95953",tracey54@example.net,(790)439-0426,1993-07-06,2022-01-04
141caeaf-042d-4bfc-8a4b-83040da6deb8,Kevin Savage,"PSC 3271, Box 7353
APO AA 98586",kimberlysanchez@example.net,3916821846,1978-09-26,2023-01-05
9f54ec1d-072c-414b-968c-08a084229852,Ashley Maxwell,"773 Charles Mews Apt. 853
Pattersonstad, MT 31486",joannahancock@example.net,(937)662-5172x2443,1976-01-22,2023-07-15
7e4461f6-4e7e-4444-8215-0368feff373e,Michael Bowman,"2521 Patrick Isle Suite 414
West Kevin, MS 63953",luke26@example.org,8519379645,1977-04-08,2020-12-16
fad04baa-e367-409f-8f49-a02bceb205de,Jane Morgan,"44701 Tucker Meadows Apt. 863
Leeshire, PW 61967",elopez@example.net,001-362-522-4064x99156,1983-01-11,2020-03-08
1bd508ad-6a70-4bf0-a9e4-0cd75a92370c,Veronica Smith,"6154 Wallace Ramp Apt. 423
New Josephland, UT 30495",erinboyd@example.com,(636)640-8215x45243,2005-07-15,2021-08-06
b9e53656-87bc-4727-93dd-699049e72d12,Isabel Moses,"5615 Haley Ford
New Rhonda, ND 46436",xanderson@example.com,(979)781-6250,2004-09-16,2022-05-07
dd547442-425b-4c3f-a680-ecc0a6ee23ac,Brian Mcgee,"2171 John Shoals Suite 219
Kellychester, WV 19426",ywashington@example.com,973.520.2758x290,2005-02-13,2021-02-03
1161e1ed-e2b8-4ddb-ac05-d6deef46f185,Michael Roberts,"5767 Gregory Ville Apt. 835
North Paul, PA 86583",shoffman@example.net,001-313-376-3999x1848,1989-02-25,2022-06-08
897c87a4-0603-409f-b876-fd1d0cfb60fa,Nicole Santos,"57036 Ruth Rue Apt. 693
Michaelmouth, RI 79849",melindalittle@example.com,442-368-7533,1969-11-28,2022-08-10
9b9df07d-ce03-4a71-9811-11ae08a8c9bc,Luis Larson,"903 Whitaker Ferry Apt. 487
Jennafort, FL 40454",morriselizabeth@example.net,2799079326,1963-03-12,2021-10-23
5575212e-ea98-4586-a988-918a7f83cee7,Anthony Matthews,"164 Johnson Crossroad Suite 705
Leefort, OH 06087",ejones@example.com,+1-970-561-6873x4551,1968-11-10,2020-06-22
ffbc6e3b-ac39-4dec-a6dd-a234581c9c09,Meagan Cooke,"Unit 6841 Box 8748
DPO AE 81732",morrisonlisa@example.net,4063314537,1985-04-21,2022-05-18
d8676475-6f35-417d-84a4-6c37fcbc7ce8,Michelle Meza,"7994 Stacy Port Suite 589
Lake Davidport, MO 76564",brianna34@example.net,2004961491,1996-05-06,2020-02-14
b1336c20-b832-4425-88d9-5f1e5b9b55e9,Annette Smith,"99697 Fleming Run
South Tammystad, AR 78879",susan38@example.com,001-963-251-5676x7538,1966-11-02,2020-03-03
30bf6b08-1846-41d8-a1d0-b1da70036524,Steven Anderson,"16969 Jones Walk
East Erinberg, NV 57222",aprilsexton@example.com,+1-481-305-0451x213,1968-05-26,2021-07-26
97628a38-ac91-4cc3-b54c-5ff1f7cc377e,Anna Berry,"011 Frances Curve Apt. 150
Youngchester, LA 14534",john28@example.net,904.979.2511x0819,1960-06-10,2023-03-30
01f9cc3a-8789-4374-9279-197ebe197b6c,Brian Park,"183 Jacob Skyway Apt. 979
North Davidburgh, NV 18620",brooke66@example.net,(352)635-2635x835,1970-07-12,2020-07-02
06654b6a-ca99-4f5d-9e1a-cc4874704e9b,Anita Fritz,"485 Randy Oval Apt. 131
Kirstenbury, PW 24178",urobertson@example.org,(973)637-1487x64978,1965-07-06,2023-05-26
114e89b8-c881-4ba4-b375-a68a9dd011f5,Kimberly Munoz,"USNS Knox
FPO AE 94540",younghaley@example.net,2703734964,1960-03-24,2024-08-02
2883d569-cc34-4b43-a744-081e1f32f5fc,Angela Johnson,"17148 Davis Forks Suite 226
North Megan, NE 20349",yhernandez@example.org,(622)757-5310,1983-05-30,2022-07-18
3761fef7-75dc-4c5b-8d1c-6ef238229a82,Joseph Anderson,"2512 Allen Trail Apt. 177
Cranefurt, PW 53978",laurenphillips@example.org,(246)295-1357x0417,2002-01-06,2024-01-04
c23cddc4-8cad-4344-854c-cc2b2ccb0730,Dominique Gardner,"2617 Lowe Summit
Gallagherport, HI 79237",michael86@example.org,346.528.4688x193,1984-11-22,2020-02-06
d59fe0f1-e110-4659-a323-d03173f4b311,Evelyn Davis,"856 Mitchell Coves
West Brandonstad, IL 32630",davidmorales@example.com,973.576.8257x790,1954-03-05,2024-01-22
da8b3578-cf78-4116-a8ee-c81bada9990b,Jason Hawkins,"9333 Mary Locks Suite 347
Amandaland, MD 55418",deborah06@example.net,351.975.3810x9633,1970-06-02,2024-08-01
0e74418d-43be-4ba7-8ff9-3b981dcb23b1,Deborah Rhodes,"77274 Jamie Groves Suite 100
Port Jamie, ME 98959",leemelissa@example.org,469-769-6751x00308,1973-11-30,2021-02-02
c8333ff0-da77-452f-b14c-582d00fd5ea9,Travis Williams MD,"896 Wright River Suite 272
Tranmouth, OH 52212",coleronald@example.com,001-994-909-3704x85833,1963-11-04,2022-03-11
